{
  "lake_polygon": [
    [
      46.798564,
      -73.402265
    ],
    [
      46.798504,
      -73.402336
    ],
    [
      46.798506,
      -73.402456
    ],
    [
      46.798485,
      -73.402617
    ],
    [
      46.798505,
      -73.403058
    ],
    [
      46.798536,
      -73.403637
    ],
    [
      46.798496,
      -73.403758
    ],
    [
      46.798405,
      -73.403819
    ],
    [
      46.798235,
      -73.403768
    ],
    [
      46.798136,
      -73.403769
    ],
    [
      46.798046,
      -73.404129
    ],
    [
      46.797926,
      -73.404258
    ],
    [
      46.797817,
      -73.404319
    ],
    [
      46.797687,
      -73.404437
    ],
    [
      46.797417,
      -73.404828
    ],
    [
      46.797396,
      -73.404868
    ],
    [
      46.797376,
      -73.405029
    ],
    [
      46.797477,
      -73.405329
    ],
    [
      46.797476,
      -73.405521
    ],
    [
      46.797517,
      -73.405611
    ],
    [
      46.797746,
      -73.405929
    ],
    [
      46.798056,
      -73.406181
    ],
    [
      46.798396,
      -73.40659
    ],
    [
      46.798686,
      -73.40677
    ],
    [
      46.798766,
      -73.40689
    ],
    [
      46.798875,
      -73.407101
    ],
    [
      46.798964,
      -73.40722
    ],
    [
      46.799176,
      -73.407353
    ],
    [
      46.799564,
      -73.407483
    ],
    [
      46.799744,
      -73.407461
    ],
    [
      46.799885,
      -73.407332
    ],
    [
      46.800084,
      -73.406982
    ],
    [
      46.800174,
      -73.406812
    ],
    [
      46.800214,
      -73.406681
    ],
    [
      46.800203,
      -73.406431
    ],
    [
      46.800133,
      -73.406281
    ],
    [
      46.799885,
      -73.405941
    ],
    [
      46.799684,
      -73.405639
    ],
    [
      46.799584,
      -73.405239
    ],
    [
      46.799575,
      -73.404878
    ],
    [
      46.799484,
      -73.404659
    ],
    [
      46.799284,
      -73.404368
    ],
    [
      46.799006,
      -73.404179
    ],
    [
      46.798905,
      -73.403949
    ],
    [
      46.798806,
      -73.403607
    ],
    [
      46.798705,
      -73.402808
    ],
    [
      46.798604,
      -73.402405
    ]
  ],
  "waterways": [
    {
      "coords": [
        [
          46.800999,
          -73.403029
        ],
        [
          46.800993,
          -73.403007
        ],
        [
          46.800985,
          -73.402987
        ]
      ],
      "center_lat": 46.80099233333333,
      "center_lon": -73.40300766666667,
      "type": "inlet"
    },
    {
      "coords": [
        [
          46.800986,
          -73.407569
        ],
        [
          46.800963,
          -73.407553
        ],
        [
          46.800957,
          -73.407547
        ]
      ],
      "center_lat": 46.80096866666667,
      "center_lon": -73.40755633333332,
      "type": "inlet"
    },
    {
      "coords": [
        [
          46.798564,
          -73.402265
        ],
        [
          46.798565,
          -73.402057
        ],
        [
          46.798595,
          -73.401775
        ],
        [
          46.798534,
          -73.400533
        ],
        [
          46.79854,
          -73.40025
        ]
      ],
      "center_lat": 46.7985596,
      "center_lon": -73.401376,
      "type": "outlet"
    },
    {
      "coords": [
        [
          46.801068,
          -73.403238
        ],
        [
          46.801054,
          -73.403194
        ]
      ],
      "center_lat": 46.801061000000004,
      "center_lon": -73.403216,
      "type": "inlet"
    },
    {
      "coords": [
        [
          46.80105,
          -73.403185
        ],
        [
          46.801037,
          -73.403141
        ]
      ],
      "center_lat": 46.8010435,
      "center_lon": -73.403163,
      "type": "inlet"
    },
    {
      "coords": [
        [
          46.801033,
          -73.403133
        ],
        [
          46.801021,
          -73.403089
        ]
      ],
      "center_lat": 46.801027,
      "center_lon": -73.403111,
      "type": "inlet"
    }
  ],
  "fishing_spots": [],
  "boat_access": [],
  "portage": [],
  "trout_line": [],
  "access_path": [
    [
      46.798452,
      -73.408276
    ],
    [
      46.798462,
      -73.40779
    ],
    [
      46.798466,
      -73.407646
    ],
    [
      46.798486,
      -73.40754
    ],
    [
      46.798512,
      -73.407933
    ],
    [
      46.798516,
      -73.408069
    ],
    [
      46.798543,
      -73.407313
    ],
    [
      46.798583,
      -73.407129
    ],
    [
      46.798591,
      -73.406754
    ],
    [
      46.798599,
      -73.406956
    ]
  ],
  "lake_center": {
    "lat": 46.79873819148934,
    "lon": -73.40504214893616
  },
  "lake_bbox": {
    "S": 46.797376,
    "N": 46.800214,
    "W": -73.407483,
    "E": -73.402265
  }
}