{
  "lake_polygon": [
    [
      46.79962,
      -73.389284
    ],
    [
      46.799611,
      -73.389024
    ],
    [
      46.799611,
      -73.388944
    ],
    [
      46.799602,
      -73.388602
    ],
    [
      46.79955,
      -73.388424
    ],
    [
      46.799451,
      -73.387992
    ],
    [
      46.799381,
      -73.387552
    ],
    [
      46.799401,
      -73.387362
    ],
    [
      46.799451,
      -73.387112
    ],
    [
      46.799491,
      -73.386891
    ],
    [
      46.799191,
      -73.387062
    ],
    [
      46.798971,
      -73.387122
    ],
    [
      46.79886,
      -73.387192
    ],
    [
      46.79874,
      -73.387411
    ],
    [
      46.798721,
      -73.387671
    ],
    [
      46.798679,
      -73.387884
    ],
    [
      46.79856,
      -73.388254
    ],
    [
      46.79843,
      -73.388493
    ],
    [
      46.79823,
      -73.388675
    ],
    [
      46.79817,
      -73.388763
    ],
    [
      46.798179,
      -73.389174
    ],
    [
      46.798209,
      -73.389484
    ],
    [
      46.79826,
      -73.389644
    ],
    [
      46.79837,
      -73.389854
    ],
    [
      46.798409,
      -73.390055
    ],
    [
      46.7984,
      -73.390224
    ],
    [
      46.798339,
      -73.390375
    ],
    [
      46.798299,
      -73.390565
    ],
    [
      46.79832,
      -73.390755
    ],
    [
      46.798459,
      -73.390987
    ],
    [
      46.79854,
      -73.391166
    ],
    [
      46.798569,
      -73.391776
    ],
    [
      46.79863,
      -73.391988
    ],
    [
      46.798781,
      -73.392256
    ],
    [
      46.79891,
      -73.392328
    ],
    [
      46.79903,
      -73.392318
    ],
    [
      46.79928,
      -73.392228
    ],
    [
      46.79936,
      -73.392157
    ],
    [
      46.799461,
      -73.391927
    ],
    [
      46.799491,
      -73.391718
    ],
    [
      46.799471,
      -73.391356
    ],
    [
      46.79947,
      -73.390876
    ],
    [
      46.799451,
      -73.390335
    ],
    [
      46.79947,
      -73.390106
    ],
    [
      46.799611,
      -73.389615
    ]
  ],
  "waterways": [
    {
      "coords": [
        [
          46.799664,
          -73.385884
        ],
        [
          46.799671,
          -73.38615
        ],
        [
          46.799571,
          -73.386642
        ],
        [
          46.799671,
          -73.38647
        ],
        [
          46.799811,
          -73.386262
        ],
        [
          46.799872,
          -73.386131
        ],
        [
          46.799932,
          -73.386032
        ],
        [
          46.799922,
          -73.385881
        ],
        [
          46.79992,
          -73.385876
        ]
      ],
      "center_lat": 46.799781555555555,
      "center_lon": -73.38614755555555,
      "type": "inlet"
    },
    {
      "coords": [
        [
          46.800706,
          -73.386653
        ],
        [
          46.800686,
          -73.386629
        ]
      ],
      "center_lat": 46.800696,
      "center_lon": -73.386641,
      "type": "inlet"
    }
  ],
  "fishing_spots": [],
  "boat_access": [],
  "portage": [],
  "trout_line": [],
  "access_path": [
    [
      46.797378,
      -73.387325
    ],
    [
      46.797856,
      -73.387369
    ],
    [
      46.798216,
      -73.387567
    ],
    [
      46.79856,
      -73.388254
    ]
  ],
  "lake_center": {
    "lat": 46.79894422222222,
    "lon": -73.38962179999999
  },
  "lake_bbox": {
    "S": 46.79817,
    "N": 46.79962,
    "W": -73.392328,
    "E": -73.386891
  },
  "mffp_isobaths": []
}