{
  "lake_polygon": [
    [
      46.733007,
      -73.479475
    ],
    [
      46.732907,
      -73.479274
    ],
    [
      46.732757,
      -73.479103
    ],
    [
      46.732577,
      -73.479015
    ],
    [
      46.732118,
      -73.478844
    ],
    [
      46.732048,
      -73.478744
    ],
    [
      46.732038,
      -73.478664
    ],
    [
      46.731588,
      -73.478222
    ],
    [
      46.731488,
      -73.478134
    ],
    [
      46.731189,
      -73.477903
    ],
    [
      46.731009,
      -73.477832
    ],
    [
      46.730919,
      -73.477833
    ],
    [
      46.730749,
      -73.477922
    ],
    [
      46.730569,
      -73.478073
    ],
    [
      46.730498,
      -73.478173
    ],
    [
      46.730479,
      -73.478282
    ],
    [
      46.7305,
      -73.478603
    ],
    [
      46.730589,
      -73.478944
    ],
    [
      46.730638,
      -73.479054
    ],
    [
      46.730939,
      -73.479494
    ],
    [
      46.731289,
      -73.479805
    ],
    [
      46.731548,
      -73.479956
    ],
    [
      46.731698,
      -73.480005
    ],
    [
      46.732057,
      -73.480086
    ],
    [
      46.732267,
      -73.480084
    ],
    [
      46.732437,
      -73.480035
    ],
    [
      46.732957,
      -73.479865
    ],
    [
      46.733008,
      -73.479906
    ],
    [
      46.733008,
      -73.479994
    ],
    [
      46.732978,
      -73.480135
    ],
    [
      46.732988,
      -73.480235
    ],
    [
      46.733047,
      -73.480235
    ],
    [
      46.733097,
      -73.480205
    ],
    [
      46.733247,
      -73.479866
    ],
    [
      46.733287,
      -73.479734
    ],
    [
      46.733257,
      -73.479615
    ],
    [
      46.733177,
      -73.479595
    ],
    [
      46.733117,
      -73.479605
    ],
    [
      46.733077,
      -73.479595
    ]
  ],
  "waterways": [
    {
      "coords": [
        [
          46.733526,
          -73.480075
        ],
        [
          46.733516,
          -73.480124
        ],
        [
          46.733527,
          -73.480215
        ],
        [
          46.733557,
          -73.480276
        ],
        [
          46.733608,
          -73.480346
        ],
        [
          46.733696,
          -73.480374
        ],
        [
          46.733747,
          -73.480406
        ],
        [
          46.733849,
          -73.480368
        ],
        [
          46.733841,
          -73.479811
        ],
        [
          46.733807,
          -73.479894
        ],
        [
          46.733766,
          -73.479915
        ],
        [
          46.733696,
          -73.479915
        ],
        [
          46.733617,
          -73.479915
        ]
      ],
      "center_lat": 46.73367330769231,
      "center_lon": -73.4801256923077,
      "type": "inlet"
    },
    {
      "coords": [
        [
          46.732603,
          -73.477588
        ],
        [
          46.732558,
          -73.477642
        ],
        [
          46.732618,
          -73.477712
        ],
        [
          46.732737,
          -73.477824
        ],
        [
          46.732907,
          -73.477903
        ],
        [
          46.732928,
          -73.477672
        ],
        [
          46.732927,
          -73.477563
        ],
        [
          46.732988,
          -73.477373
        ],
        [
          46.732978,
          -73.477282
        ],
        [
          46.732908,
          -73.477273
        ],
        [
          46.732827,
          -73.477393
        ],
        [
          46.732718,
          -73.477412
        ],
        [
          46.732648,
          -73.477533
        ]
      ],
      "center_lat": 46.732795769230776,
      "center_lon": -73.47755153846154,
      "type": "inlet"
    },
    {
      "coords": [
        [
          46.733487,
          -73.481607
        ],
        [
          46.733468,
          -73.481727
        ],
        [
          46.733548,
          -73.481776
        ],
        [
          46.733597,
          -73.481806
        ],
        [
          46.733627,
          -73.481776
        ],
        [
          46.733647,
          -73.481778
        ],
        [
          46.733657,
          -73.481747
        ],
        [
          46.733696,
          -73.481748
        ],
        [
          46.733728,
          -73.481687
        ],
        [
          46.733776,
          -73.481566
        ],
        [
          46.733864,
          -73.481508
        ],
        [
          46.733857,
          -73.480987
        ],
        [
          46.733797,
          -73.480975
        ],
        [
          46.733757,
          -73.480956
        ],
        [
          46.733707,
          -73.480935
        ],
        [
          46.733668,
          -73.480957
        ],
        [
          46.733656,
          -73.481137
        ],
        [
          46.733617,
          -73.481306
        ],
        [
          46.733556,
          -73.481406
        ]
      ],
      "center_lat": 46.733668947368415,
      "center_lon": -73.48144131578948,
      "type": "tributary"
    },
    {
      "coords": [
        [
          46.731538,
          -73.482753
        ],
        [
          46.731009,
          -73.482588
        ],
        [
          46.730419,
          -73.482297
        ],
        [
          46.730029,
          -73.482028
        ],
        [
          46.729975,
          -73.481974
        ]
      ],
      "center_lat": 46.730594,
      "center_lon": -73.48232800000001,
      "type": "tributary"
    }
  ],
  "fishing_spots": [],
  "boat_access": [],
  "portage": [],