{
  "lake_polygon": [
    [
      46.729728,
      -73.346
    ],
    [
      46.729638,
      -73.346282
    ],
    [
      46.729558,
      -73.346422
    ],
    [
      46.729298,
      -73.346592
    ],
    [
      46.729248,
      -73.346722
    ],
    [
      46.729299,
      -73.346832
    ],
    [
      46.729299,
      -73.346931
    ],
    [
      46.729239,
      -73.346931
    ],
    [
      46.729189,
      -73.346833
    ],
    [
      46.729118,
      -73.346782
    ],
    [
      46.729059,
      -73.346752
    ],
    [
      46.728938,
      -73.346871
    ],
    [
      46.728669,
      -73.347221
    ],
    [
      46.72855,
      -73.347482
    ],
    [
      46.728499,
      -73.347732
    ],
    [
      46.728459,
      -73.348352
    ],
    [
      46.728459,
      -73.348574
    ],
    [
      46.72849,
      -73.349004
    ],
    [
      46.728539,
      -73.349455
    ],
    [
      46.72854,
      -73.349645
    ],
    [
      46.728569,
      -73.349735
    ],
    [
      46.728619,
      -73.349765
    ],
    [
      46.728739,
      -73.349806
    ],
    [
      46.728788,
      -73.349775
    ],
    [
      46.728919,
      -73.349625
    ],
    [
      46.72903,
      -73.349595
    ],
    [
      46.729078,
      -73.349604
    ],
    [
      46.729189,
      -73.349785
    ],
    [
      46.729249,
      -73.349845
    ],
    [
      46.729439,
      -73.349895
    ],
    [
      46.729579,
      -73.349995
    ],
    [
      46.729689,
      -73.350016
    ],
    [
      46.729678,
      -73.349906
    ],
    [
      46.729538,
      -73.349715
    ],
    [
      46.729438,
      -73.349656
    ],
    [
      46.729288,
      -73.349596
    ],
    [
      46.729209,
      -73.349465
    ],
    [
      46.729238,
      -73.349305
    ],
    [
      46.729418,
      -73.349004
    ],
    [
      46.729668,
      -73.348664
    ],
    [
      46.729739,
      -73.348513
    ],
    [
      46.729818,
      -73.348213
    ],
    [
      46.729799,
      -73.347704
    ],
    [
      46.729768,
      -73.347483
    ],
    [
      46.729648,
      -73.346852
    ],
    [
      46.729649,
      -73.346801
    ],
    [
      46.729659,
      -73.346581
    ],
    [
      46.729718,
      -73.346331
    ],
    [
      46.729819,
      -73.34613
    ]
  ],
  "waterways": [
    {
      "coords": [
        [
          46.730608,
          -73.344274
        ],
        [
          46.730598,
          -73.34431
        ],
        [
          46.730519,
          -73.344418
        ],
        [
          46.730398,
          -73.3445
        ],
        [
          46.730297,
          -73.3446
        ],
        [
          46.730267,
          -73.34485
        ],
        [
          46.730188,
          -73.34497
        ],
        [
          46.730168,
          -73.34503
        ],
        [
          46.730188,
          -73.345121
        ],
        [
          46.730239,
          -73.345179
        ],
        [
          46.730288,
          -73.34524
        ],
        [
          46.730378,
          -73.34531
        ],
        [
          46.730507,
          -73.34533
        ],
        [
          46.730708,
          -73.34544
        ],
        [
          46.730767,
          -73.345411
        ],
        [
          46.731055,
          -73.345163
        ]
      ],
      "center_lat": 46.7304483125,
      "center_lon": -73.344946625,
      "type": "inlet"
    },
    {
      "coords": [
        [
          46.730245,
          -73.349726
        ],
        [
          46.730248,
          -73.349724
        ],
        [
          46.730266,
          -73.349706
        ]
      ],
      "center_lat": 46.730253000000005,
      "center_lon": -73.34971866666667,
      "type": "inlet"
    }
  ],
  "fishing_spots": [],
  "boat_access": [],
  "portage": [],
  "trout_line": [],
  "access_path": [
    [
      46.729578,
      -73.350068
    ],
    [
      46.729653,
      -73.350246
    ],
    [
      46.729722,
      -73.350641
    ],
    [
      46.729856,
      -73.351176
    ]
  ],
  "lake_center": {
    "lat": 46.72922030612244,
    "lon": -73.3482607142857
  },
  "lake_bbox": {
    "S": 46.728459,
    "N": 46.729819,
    "W": -73.350016,
    "E": -73.346
  },
  "mffp_isobaths": []
}