{
  "lake_polygon": [
    [
      46.704831,
      -73.570967
    ],
    [
      46.7047,
      -73.570867
    ],
    [
      46.70457,
      -73.570848
    ],
    [
      46.70447,
      -73.570886
    ],
    [
      46.704479,
      -73.571017
    ],
    [
      46.70473,
      -73.571187
    ],
    [
      46.704779,
      -73.571248
    ],
    [
      46.7048,
      -73.571308
    ],
    [
      46.70477,
      -73.571377
    ],
    [
      46.70468,
      -73.571468
    ],
    [
      46.70457,
      -73.571668
    ],
    [
      46.704559,
      -73.571808
    ],
    [
      46.704459,
      -73.572108
    ],
    [
      46.70446,
      -73.572319
    ],
    [
      46.70438,
      -73.572829
    ],
    [
      46.70432,
      -73.57305
    ],
    [
      46.704249,
      -73.57351
    ],
    [
      46.704189,
      -73.57406
    ],
    [
      46.704179,
      -73.574362
    ],
    [
      46.70417,
      -73.57459
    ],
    [
      46.704209,
      -73.57466
    ],
    [
      46.70432,
      -73.574761
    ],
    [
      46.70451,
      -73.574932
    ],
    [
      46.70472,
      -73.57495
    ],
    [
      46.705151,
      -73.574582
    ],
    [
      46.705211,
      -73.574501
    ],
    [
      46.70529,
      -73.574281
    ],
    [
      46.705421,
      -73.57401
    ],
    [
      46.70543,
      -73.573901
    ],
    [
      46.705411,
      -73.573591
    ],
    [
      46.7054,
      -73.572458
    ],
    [
      46.705371,
      -73.572179
    ],
    [
      46.70535,
      -73.571858
    ],
    [
      46.705321,
      -73.571757
    ],
    [
      46.70527,
      -73.571688
    ],
    [
      46.70517,
      -73.571628
    ],
    [
      46.705,
      -73.571568
    ],
    [
      46.704951,
      -73.571519
    ],
    [
      46.70493,
      -73.571337
    ],
    [
      46.70487,
      -73.571057
    ]
  ],
  "waterways": [
    {
      "coords": [
        [
          46.70457,
          -73.570848
        ],
        [
          46.704601,
          -73.570477
        ],
        [
          46.70456,
          -73.570367
        ],
        [
          46.70455,
          -73.570237
        ],
        [
          46.70468,
          -73.569765
        ],
        [
          46.704699,
          -73.569465
        ],
        [
          46.704751,
          -73.569304
        ],
        [
          46.704751,
          -73.569191
        ]
      ],
      "center_lat": 46.70464524999999,
      "center_lon": -73.56995675,
      "type": "outlet"
    }
  ],
  "fishing_spots": [
    {
      "lat": 46.705201,
      "lon": -73.575251,
      "name": "Site de pêche favorable"
    },
    {
      "lat": 46.705148,
      "lon": -73.575201,
      "name": "Site de pêche favorable"
    },
    {
      "lat": 46.705094,
      "lon": -73.575152,
      "name": "Site de pêche favorable"
    },
    {
      "lat": 46.704938,
      "lon": -73.57513,
      "name": "Site de pêche favorable"
    },
    {
      "lat": 46.704875,
      "lon": -73.575127,
      "name": "Site de pêche favorable"
    },
    {
      "lat": 46.704816,
      "lon": -73.575099,
      "name": "Site de pêche favorable"
    },
    {
      "lat": 46.70477,
      "lon": -73.575038,
      "name": "Site de pêche favorable"
    }
  ],
  "boat_access": [
    {
      "lat": 46.70472,
      "lon": -73.57495
    }
  ],
  "portage": [],
  "trout_line": [],
  "access_path": [],
  "lake_center": {
    "lat": 46.704791249999985,
    "lon": -73.572567375
  },
  "lake_bbox": {
    "S": 46.70417,
    "N": 46.70543,
    "W": -73.57495,
    "E": -73.570848
  },
  "mffp_isobaths": []
}