{
  "lake_polygon": [
    [
      46.637592,
      -73.544569
    ],
    [
      46.637452,
      -73.544608
    ],
    [
      46.637362,
      -73.544719
    ],
    [
      46.637221,
      -73.544687
    ],
    [
      46.636921,
      -73.544737
    ],
    [
      46.63671,
      -73.544807
    ],
    [
      46.635961,
      -73.545108
    ],
    [
      46.635809,
      -73.545218
    ],
    [
      46.635589,
      -73.545427
    ],
    [
      46.635389,
      -73.545627
    ],
    [
      46.635299,
      -73.545727
    ],
    [
      46.635289,
      -73.545798
    ],
    [
      46.635329,
      -73.545848
    ],
    [
      46.635489,
      -73.545788
    ],
    [
      46.63558,
      -73.545669
    ],
    [
      46.63566,
      -73.545669
    ],
    [
      46.63575,
      -73.545708
    ],
    [
      46.635809,
      -73.545789
    ],
    [
      46.63591,
      -73.546027
    ],
    [
      46.63608,
      -73.546228
    ],
    [
      46.636171,
      -73.546298
    ],
    [
      46.636281,
      -73.546306
    ],
    [
      46.636381,
      -73.546266
    ],
    [
      46.636511,
      -73.546137
    ],
    [
      46.636951,
      -73.545897
    ],
    [
      46.637162,
      -73.545637
    ],
    [
      46.637301,
      -73.545357
    ],
    [
      46.637481,
      -73.545098
    ],
    [
      46.637612,
      -73.544858
    ],
    [
      46.637622,
      -73.544787
    ],
    [
      46.637632,
      -73.544758
    ],
    [
      46.637652,
      -73.544738
    ],
    [
      46.637632,
      -73.544687
    ],
    [
      46.637522,
      -73.544688
    ],
    [
      46.637561,
      -73.544658
    ],
    [
      46.637612,
      -73.544719
    ],
    [
      46.637592,
      -73.544788
    ],
    [
      46.637521,
      -73.544867
    ],
    [
      46.637431,
      -73.544788
    ]
  ],
  "waterways": [
    {
      "coords": [
        [
          46.637592,
          -73.544569
        ],
        [
          46.637632,
          -73.544687
        ],
        [
          46.637652,
          -73.544738
        ],
        [
          46.637723,
          -73.544769
        ],
        [
          46.638022,
          -73.544569
        ],
        [
          46.638123,
          -73.544469
        ],
        [
          46.638213,
          -73.544338
        ],
        [
          46.638407,
          -73.544125
        ],
        [
          46.638403,
          -73.54382
        ],
        [
          46.638362,
          -73.54387
        ],
        [
          46.638053,
          -73.544099
        ],
        [
          46.637771,
          -73.544398
        ]
      ],
      "center_lat": 46.63799608333334,
      "center_lon": -73.54437091666667,
      "type": "inlet"
    },
    {
      "coords": [
        [
          46.635049,
          -73.545858
        ],
        [
          46.634908,
          -73.545848
        ],
        [
          46.634739,
          -73.545979
        ],
        [
          46.634529,
          -73.546011
        ]
      ],
      "center_lat": 46.63480625,
      "center_lon": -73.54592399999999,
      "type": "outlet"
    },
    {
      "coords": [
        [
          46.638321,
          -73.549095
        ],
        [
          46.638323,
          -73.549046
        ],
        [
          46.638273,
          -73.548966
        ],
        [
          46.638202,
          -73.549005
        ],
        [
          46.638142,
          -73.5491
        ],
        [
          46.637561,
          -73.549115
        ],
        [
          46.637512,
          -73.548986
        ],
        [
          46.637452,
          -73.548946
        ],
        [
          46.637312,
          -73.549036
        ],
        [
          46.637251,
          -73.548986
        ],
        [
          46.637281,
          -73.548895
        ],
        [
          46.637352,
          -73.548827
        ],
        [
          46.637361,
          -73.548767
        ],
        [
          46.637321,
          -73.548686
        ],
        [
          46.637242,
          -73.548706
        ],
        [
          46.63714,
          -73.548775
        ],
        [
          46.637061,
          -73.548786
        ],
        [
          46.637021,
          -73.548705
        ],
        [
          46.636971,
          -73.548656
        ],
        [
          46.636921,
          -73.548706
        ],
        [
          46.636881,
          -73.548775
        ]
      ],
      "center_lat": 46.63747147619048,
      "center_lon": -73.54888404761904,
      "type": "tributary"
    },
    {
      "coords": [
        [
          46.63563,
          -73.547807
        ],
        [
          46.63555,
          -73.547717
        ],
        [
          46.635519,
          -73.547596
        ],
        [
          46.63551,
          -73.547477
        ],
        [
          46.6354,
          -73.547327
        ],
        [
          46.635439,
          -73.547257
        ],
        [
          46.63551,
          -73.547207
        ],
        [
          46.63555,
          -73.547137
        ],
        [
          46.635549,
          -73.547078
        ],
        [
          46.635489,
          -73.546997
        ],
        [
          46.635319,
          -73.546987
        ],
        [
          46.635259,
          -73.546957
        ],
        [
          46.635139,
          -73.546828
        ],
        [
          46.635089,
          -73.546736
        ]
      ],
      "center_lat": 46.63542514285715,
      "center_lon": -73.54722200000002,
      "type": "tributary"
    },
    {
      "coords": [
        [
          46.635991,
          -73.548797
        ],
        [
          46.636,
          -73.548686
        ],
        [
          46.636121,
          -73.548475
        ],
        [
          46.6361,
          -73.548316
        ],
        [
          46.63604,
          -73.548216
        ],
        [
          46.635889,
          -73.548145
        ],
        [
          46.635809,
          -73.547946
        ],
        [
          46.63563,
          -73.547807
        ]
      ],
      "center_lat": 46.6359475,
      "center_lon": -73.5482985,
      "type": "tributary"
    },
    {
      "coords": [
        [
          46.635349,
          -73.548226
        ],
        [
          46.635559,
          -73.548176
        ],
        [
          46.635579,
          -73.548076
        ],
        [
          46.635589,
          -73.547926
        ],
        [
          46.63563,
          -73.547807
        ]
      ],
      "center_lat": 46.6355412,
      "center_lon": -73.54804220000001,
      "type": "tributary"
    }
  ],
  "fishing_spots": [],
  "boat_access": [
    {
      "lat": 46.636473,
      "lon": -73.544529
    }
  ],
  "portage": [],
  "trout_line": [],
  "access_path": [],
  "lake_center": {
    "lat": 46.636662282051276,
    "lon": -73.54531
  },
  "lake_bbox": {
    "S": 46.635289,
    "N": 46.637652,
    "W": -73.546306,
    "E": -73.544569
  }
}